n_clusters,silhouette,calinski_harabasz,davies_bouldin,response_rate_variance,response_rates,label,auc,f1,log_loss,accuracy,precision,recall,inertia,lift_top20
4.0,0.3946655632491759,2094.0226682369002,0.9587976860487182,0.019222264263823265,"{0: 0.1118421052631579, 1: 0.4570815450643777, 2: 0.19781931464174454, 3: 0.383587786259542}",rfm_kmeans,,,,,,,,
4.0,0.1444001171269235,478.1435087331836,2.152647404026585,0.019809394270428216,"{0: 0.09894736842105263, 1: 0.30318257956448913, 2: 0.1742957746478873, 3: 0.47}",full_kmeans,,,,,,,,
4.0,0.11487271437674659,343.5276602861904,2.310854198623213,0.012633401630309545,"{0: 0.07865168539325842, 1: 0.28431372549019607, 2: 0.15370018975332067, 3: 0.3684210526315789}",gmm,,,,,,,,
4.0,0.1444001171269235,478.1435087331836,2.152647404026585,0.019809394270428216,"{0: 0.09894736842105263, 1: 0.30318257956448913, 2: 0.1742957746478873, 3: 0.47}",cluster_then_predict,0.8199735421769714,0.6245756958587916,0.5258305954265963,0.753125,0.5324074074074074,0.7553366174055829,23730.34127927151,2.3727422003284073
