n_samples,n_clusters,silhouette,calinski_harabasz,davies_bouldin,response_rate_variance,response_rates,label,auc,f1,log_loss,accuracy,precision,recall,balanced_accuracy,specificity,support_pos,support_neg,inertia,lift_top20
2240.0,4.0,0.5770633176129495,11032.203451882968,0.4961661455017945,0.0025394641165178,"{0: 0.3038461538461538, 1: 0.21794871794871795, 2: 0.24232633279483037, 3: 0.34591194968553457}",rfm_kmeans,,,,,,,,,,,,
2240.0,4.0,0.1655016933313244,422.5591880613125,1.5849502730109148,0.011401322037065276,"{0: 0.16188870151770657, 1: 0.40255905511811024, 2: 0.16557377049180327, 3: 0.14285714285714285}",full_kmeans,,,,,,,,,,,,
2240.0,4.0,0.08490583585499534,151.807384353721,3.462377773570891,0.009706868301890992,"{0: 0.11764705882352941, 1: 0.3804878048780488, 2: 0.3042291950886767, 3: 0.21260583254938853}",gmm,,,,,,,,,,,,
2240.0,4.0,0.1885496902948718,406.04958020967814,1.6197347433025342,0.01829686901330239,"{0: 0.26292466765140327, 1: 0.1485042735042735, 2: 0.4768976897689769, 3: 0.14285714285714285}",cluster_then_predict,0.7961927112120563,0.5930851063829787,0.5511511146237562,0.7267857142857143,0.4983240223463687,0.7323481116584565,0.7285284396428395,0.7247087676272226,609.0,1631.0,19416.07442659173,2.208538587848933
