n_samples,n_clusters,silhouette,calinski_harabasz,davies_bouldin,response_rate_variance,response_rates,label,auc,f1,log_loss,accuracy,precision,recall,balanced_accuracy,specificity,support_pos,support_neg,inertia,lift_top20
2240.0,4.0,0.3946655632491759,2094.0226682369002,0.9587976860487182,0.019222264263823265,"{0: 0.1118421052631579, 1: 0.4570815450643777, 2: 0.19781931464174454, 3: 0.383587786259542}",rfm_kmeans,,,,,,,,,,,,
2240.0,4.0,0.13715391356181061,499.25572058928026,2.2303001460551073,0.020723001911354157,"{0: 0.13619402985074627, 1: 0.5026362038664324, 2: 0.27241379310344827, 3: 0.16576576576576577}",full_kmeans,,,,,,,,,,,,
2240.0,4.0,0.13851172654224245,361.7978171429859,2.9054861364191176,0.016888647830267108,"{0: 0.08333333333333333, 1: 0.4267650158061117, 2: 0.16166666666666665, 3: 0.1631663974151858}",gmm,,,,,,,,,,,,
2240.0,4.0,0.1444001171270498,478.1435087331836,2.152647404026585,0.019809394270428216,"{0: 0.09894736842105263, 1: 0.30318257956448913, 2: 0.1742957746478873, 3: 0.47}",cluster_then_predict,0.8199735421769714,0.6245756958587916,0.5258305954266353,0.753125,0.5324074074074074,0.7553366174055829,0.7538179101742813,0.7522992029429798,609.0,1631.0,23730.34127927151,2.3727422003284073
