auc,f1,log_loss,accuracy,precision,recall,balanced_accuracy,specificity,support_pos,support_neg,model
0.8176732374534849,0.5970149253731343,0.4993141677960935,0.7589285714285714,0.547945205479452,0.6557377049180327,0.7266418585939857,0.7975460122699386,122.0,326.0,base
0.819885849341245,0.5962264150943396,0.49655265936239623,0.7611607142857143,0.5524475524475524,0.6475409836065574,0.7256109826008248,0.803680981595092,122.0,326.0,base+kmeansid
0.8177235240872975,0.6022304832713755,0.4993786341425029,0.7611607142857143,0.5510204081632653,0.6639344262295082,0.7307402192497234,0.7975460122699386,122.0,326.0,base+gmmid
0.818301820376144,0.5947955390334573,0.49604931760994136,0.7566964285714286,0.54421768707483,0.6557377049180327,0.7251081162626973,0.7944785276073619,122.0,326.0,base+rajcid
