auc,f1,log_loss,accuracy,precision,recall,balanced_accuracy,specificity,support_pos,support_neg,model
0.7720129739515237,0.5519713261648745,0.5510722538112891,0.7209821428571429,0.49044585987261147,0.6311475409836066,0.6928743839887358,0.754601226993865,122.0,326.0,base
0.7741250125716584,0.5274725274725275,0.5441333642729137,0.7120535714285714,0.4768211920529801,0.5901639344262295,0.6739163230413356,0.7576687116564417,122.0,326.0,base+kmeansid
0.7696243588454189,0.5357142857142857,0.5539464828737712,0.7098214285714286,0.47468354430379744,0.6147540983606558,0.6800764356833954,0.745398773006135,122.0,326.0,base+gmmid
0.7726415568741829,0.5373134328358209,0.5448814571517404,0.7232142857142857,0.4931506849315068,0.5901639344262295,0.6815850346977773,0.7730061349693251,122.0,326.0,base+rajcid
