auc,average_precision,f1,log_loss,brier,accuracy,precision,recall,balanced_accuracy,specificity,support_pos,support_neg,lift_top20,model
0.9055705723351745,0.6731543394422332,0.574585635359116,0.3624198908427972,0.11434467881792802,0.828125,0.45614035087719296,0.7761194029850746,0.8066948720962119,0.8372703412073491,67.0,381.0,3.6404643449419565,base
0.9019273710189212,0.6792744274666017,0.5810055865921788,0.3629288416995563,0.11532476891745512,0.8325892857142857,0.4642857142857143,0.7761194029850746,0.8093195440122223,0.84251968503937,67.0,381.0,3.417578772802653,base+kmeansid
0.9077251537587653,0.6817860518301994,0.5837837837837838,0.3577977060563546,0.11286126425721006,0.828125,0.4576271186440678,0.8059701492537313,0.8189955733145298,0.8320209973753281,67.0,381.0,3.6404643449419565,base+gmmid
0.9074117600971521,0.6894108461099946,0.5966850828729282,0.35376122332715404,0.11131258049260963,0.8370535714285714,0.47368421052631576,0.8059701492537313,0.8242449171465507,0.84251968503937,67.0,381.0,3.566169154228856,base+rajcid
