auc,f1,log_loss,accuracy,precision,recall,balanced_accuracy,specificity,support_pos,support_neg,model
0.8176732374534849,0.5970149253731343,0.4993141677960935,0.7589285714285714,0.547945205479452,0.6557377049180327,0.7266418585939857,0.7975460122699386,122.0,326.0,base
0.819885849341245,0.5962264150943396,0.49655265936239623,0.7611607142857143,0.5524475524475524,0.6475409836065574,0.7256109826008248,0.803680981595092,122.0,326.0,base+kmeansid
0.8177235240872975,0.6022304832713755,0.4993786341425029,0.7611607142857143,0.5510204081632653,0.6639344262295082,0.7307402192497234,0.7975460122699386,122.0,326.0,base+gmmid
0.8164412149250729,0.6076923076923076,0.49946467781341664,0.7723214285714286,0.572463768115942,0.6475409836065574,0.7332796942572665,0.8190184049079755,122.0,326.0,base+rajcid
