n_clusters,silhouette,calinski_harabasz,davies_bouldin,response_rate_variance,response_rates,auc,f1,log_loss,accuracy,precision,recall,lift_top20,label
4.0,0.1434110575107953,476.1083498166409,2.1515447270442083,0.017453500753609075,"{0: 0.11441647597254005, 1: 0.3006535947712418, 2: 0.17060810810810811, 3: 0.4574290484140234}",0.8178029536514916,0.6182065217391305,0.5305203461067006,0.7491071428571429,0.5272305909617613,0.7471264367816092,2.3727422003284073,rajc
