n_samples,n_clusters,silhouette,calinski_harabasz,davies_bouldin,response_rate_variance,response_rates,lambda,gamma,model_type,auc,f1,log_loss,accuracy,precision,recall,balanced_accuracy,specificity,support_pos,support_neg,lift_top20,label
2240.0,5,0.12400346285038645,423.52909699429995,2.261892577503407,0.02536449473514755,"{0: 0.32592592592592595, 1: 0.15254237288135594, 2: 0.5478615071283096, 3: 0.2275132275132275, 4: 0.09425287356321839}",0.3,0.1,constant_prob,0.723339565217829,0.48451730418943534,0.5187560010241778,0.7473214285714286,0.5439672801635992,0.4367816091954023,0.6500278370931027,0.8632740649908032,609.0,1631.0,1.986863711001642,rajc
