n_samples,n_clusters,silhouette,calinski_harabasz,davies_bouldin,response_rate_variance,response_rates,lambda,gamma,model_type,auc,f1,log_loss,accuracy,precision,recall,balanced_accuracy,specificity,support_pos,support_neg,lift_top20,label
2240.0,4,0.13681299863677315,499.00547576299846,2.2304755186271534,0.022524468317349923,"{0: 0.12476370510396975, 1: 0.512280701754386, 2: 0.2692967409948542, 3: 0.16845878136200718}",1.0,0.1,constant_prob,0.6936308932334219,0.4872665534804754,0.5332602209951135,0.7303571428571428,0.5043936731107206,0.47126436781609193,0.6491821532520068,0.8270999386879215,609.0,1631.0,1.8637110016420364,rajc
