n_samples,n_clusters,silhouette,calinski_harabasz,davies_bouldin,response_rate_variance,response_rates,auc,average_precision,f1,log_loss,brier,accuracy,precision,recall,balanced_accuracy,specificity,support_pos,support_neg,lift_top20,split,threshold,lambda,gamma,temperature,model_type,label
224.0,4,0.15382630939073721,58.604169049038894,2.1493395377184563,0.00968548754958217,"{0: 0.28846153846153844, 1: 0.018518518518518517, 2: 0.1836734693877551, 3: 0.11594202898550725}",0.712041884816754,0.24602244605520665,0.3582089552238806,0.38276359682650024,0.11688790893646384,0.6160714285714286,0.2376237623762376,0.7272727272727273,0.6620656830080913,0.5968586387434555,33.0,191.0,1.9609427609427608,val,0.1,3.0,0.1,1.0,constant_prob,rajc
448.0,4,0.15823162955441067,115.7167329524795,1.8943357656231137,0.011368625494318102,"{0: 0.32432432432432434, 1: 0.034782608695652174, 2: 0.14634146341463414, 3: 0.10714285714285714}",0.7224703255376661,0.27009229489219433,0.36923076923076925,0.39488553443136737,0.11673699793682926,0.6339285714285714,0.24870466321243523,0.7164179104477612,0.6679202413131194,0.6194225721784777,67.0,381.0,2.228855721393035,test,0.1,3.0,0.1,1.0,constant_prob,rajc
