n_samples,n_clusters,silhouette,calinski_harabasz,davies_bouldin,response_rate_variance,response_rates,lambda,gamma,model_type,auc,f1,log_loss,accuracy,precision,recall,balanced_accuracy,specificity,support_pos,support_neg,lift_top20,label
2240.0,4,0.16548527054366266,422.0164566828463,1.587227923929864,0.013279789635181269,"{0: 0.16020236087689713, 1: 0.4153543307086614, 2: 0.14590163934426228, 3: 0.14285714285714285}",1.0,0.0,constant_prob,0.6487774331280536,0.0,0.549556558308173,0.728125,0.0,0.0,0.5,1.0,609.0,1631.0,1.444991789819376,rajc
