n_samples,n_clusters,silhouette,calinski_harabasz,davies_bouldin,response_rate_variance,response_rates,auc,average_precision,f1,log_loss,brier,accuracy,precision,recall,balanced_accuracy,specificity,support_pos,support_neg,lift_top20,split,threshold,lambda,gamma,temperature,model_type,label
224.0,4,0.15328957073957025,58.55411402805555,2.150933323468452,0.009772099332447659,"{0: 0.28846153846153844, 1: 0.01818181818181818, 2: 0.1875, 3: 0.11594202898550725}",0.9213073139774711,0.7203492108783457,0.6666666666666666,0.3477910588963127,0.11007725013745502,0.9107142857142857,0.7407407407407407,0.6060606060606061,0.7847056957004601,0.9633507853403142,33.0,191.0,3.771043771043771,val,0.84,1.0,0.0,1.0,ramoe,rajc
448.0,4,0.15903787366640634,115.55188514042393,1.8800943979279336,0.011307978435791191,"{0: 0.32432432432432434, 1: 0.034482758620689655, 2: 0.14102564102564102, 3: 0.11188811188811189}",0.9057272691659811,0.6998515447710628,0.5576923076923077,0.3372748518343637,0.10756987255049699,0.8973214285714286,0.7837837837837838,0.43283582089552236,0.7059192227837192,0.979002624671916,67.0,381.0,3.4918739635157547,test,0.84,1.0,0.0,1.0,ramoe,rajc
